video_id,start_frame,end_frame
v_BoxingPunchingBag_g01_c01,15,21
v_BoxingPunchingBag_g01_c01,22,26
v_BoxingPunchingBag_g01_c01,27,31
v_BoxingPunchingBag_g01_c01,62,68
v_BoxingPunchingBag_g01_c01,111,115
v_BoxingPunchingBag_g01_c01,117,120
v_BoxingPunchingBag_g01_c01,120,126
v_BoxingPunchingBag_g01_c02,72,82
v_BoxingPunchingBag_g01_c02,121,129
v_BoxingPunchingBag_g01_c02,130,132
v_BoxingPunchingBag_g01_c02,134,142
v_BoxingPunchingBag_g01_c03,8,14
v_BoxingPunchingBag_g01_c03,15,18
v_BoxingPunchingBag_g01_c03,104,109
v_BoxingPunchingBag_g01_c03,110,119
v_BoxingPunchingBag_g01_c04,3,7
v_BoxingPunchingBag_g01_c04,38,46
v_BoxingPunchingBag_g01_c04,47,55
v_BoxingPunchingBag_g01_c04,85,92
v_BoxingPunchingBag_g01_c04,93,97
v_BoxingPunchingBag_g01_c04,98,102
v_BoxingPunchingBag_g01_c04,114,117
v_BoxingPunchingBag_g01_c04,118,122
v_BoxingPunchingBag_g01_c05,18,21
v_BoxingPunchingBag_g01_c05,22,26
v_BoxingPunchingBag_g01_c05,46,51
v_BoxingPunchingBag_g01_c05,64,68
v_BoxingPunchingBag_g01_c05,73,77
v_BoxingPunchingBag_g01_c05,86,90
v_BoxingPunchingBag_g01_c05,91,95
v_BoxingPunchingBag_g01_c05,132,136
v_BoxingPunchingBag_g01_c05,144,150
v_BoxingPunchingBag_g01_c05,151,154
v_BoxingPunchingBag_g01_c05,156,160
v_BoxingPunchingBag_g01_c05,165,169
v_BoxingPunchingBag_g01_c06,22,27
v_BoxingPunchingBag_g01_c06,70,76
v_BoxingPunchingBag_g01_c06,80,86
v_BoxingPunchingBag_g01_c07,38,42
v_BoxingPunchingBag_g01_c07,43,46
v_BoxingPunchingBag_g01_c07,47,54
v_BoxingPunchingBag_g01_c07,79,83
v_BoxingPunchingBag_g01_c07,90,96
v_BoxingPunchingBag_g01_c07,142,150
v_BoxingPunchingBag_g02_c01,11,15
v_BoxingPunchingBag_g02_c01,17,21
v_BoxingPunchingBag_g02_c01,39,43
v_BoxingPunchingBag_g02_c01,52,56
v_BoxingPunchingBag_g02_c01,63,67
v_BoxingPunchingBag_g02_c01,69,74
v_BoxingPunchingBag_g02_c01,84,88
v_BoxingPunchingBag_g02_c01,94,99
v_BoxingPunchingBag_g02_c02,1,3
v_BoxingPunchingBag_g02_c02,4,9
v_BoxingPunchingBag_g02_c02,10,17
v_BoxingPunchingBag_g02_c02,20,26
v_BoxingPunchingBag_g02_c02,50,54
v_BoxingPunchingBag_g02_c02,68,74
v_BoxingPunchingBag_g02_c02,82,88
v_BoxingPunchingBag_g02_c02,90,96
v_BoxingPunchingBag_g02_c02,124,130
v_BoxingPunchingBag_g02_c02,140,144
v_BoxingPunchingBag_g02_c02,148,152
v_BoxingPunchingBag_g02_c02,153,156
v_BoxingPunchingBag_g02_c02,158,163
v_BoxingPunchingBag_g02_c02,170,175
v_BoxingPunchingBag_g02_c02,185,189
v_BoxingPunchingBag_g02_c02,196,200
v_BoxingPunchingBag_g02_c02,214,222
v_BoxingPunchingBag_g02_c02,257,262
v_BoxingPunchingBag_g02_c02,265,270
v_BoxingPunchingBag_g02_c02,271,276
v_BoxingPunchingBag_g02_c02,277,281
v_BoxingPunchingBag_g02_c03,1,7
v_BoxingPunchingBag_g02_c03,8,12
v_BoxingPunchingBag_g02_c03,22,26
v_BoxingPunchingBag_g02_c03,45,49
v_BoxingPunchingBag_g02_c03,50,53
v_BoxingPunchingBag_g02_c03,54,58
v_BoxingPunchingBag_g02_c03,59,65
v_BoxingPunchingBag_g02_c03,78,83
v_BoxingPunchingBag_g02_c03,90,94
v_BoxingPunchingBag_g02_c03,95,99
v_BoxingPunchingBag_g02_c03,100,104
v_BoxingPunchingBag_g02_c03,105,108
v_BoxingPunchingBag_g02_c03,116,120
v_BoxingPunchingBag_g02_c03,125,129
v_BoxingPunchingBag_g02_c03,130,133
v_BoxingPunchingBag_g02_c03,157,161
v_BoxingPunchingBag_g02_c03,182,186
v_BoxingPunchingBag_g02_c03,205,209
v_BoxingPunchingBag_g02_c03,218,222
v_BoxingPunchingBag_g03_c01,18,23
v_BoxingPunchingBag_g03_c01,49,55
v_BoxingPunchingBag_g03_c01,61,67
v_BoxingPunchingBag_g03_c01,88,94
v_BoxingPunchingBag_g03_c01,118,124
v_BoxingPunchingBag_g03_c01,148,154
v_BoxingPunchingBag_g03_c01,155,161
v_BoxingPunchingBag_g04_c01,1,8
v_BoxingPunchingBag_g04_c01,9,13
v_BoxingPunchingBag_g04_c01,14,20
v_BoxingPunchingBag_g04_c01,21,27
v_BoxingPunchingBag_g04_c01,28,32
v_BoxingPunchingBag_g04_c01,33,40
v_BoxingPunchingBag_g04_c01,41,45
v_BoxingPunchingBag_g04_c01,46,52
v_BoxingPunchingBag_g04_c01,53,59
v_BoxingPunchingBag_g04_c01,60,67
v_BoxingPunchingBag_g04_c01,68,72
v_BoxingPunchingBag_g04_c01,73,79
v_BoxingPunchingBag_g04_c01,80,86
v_BoxingPunchingBag_g04_c01,87,94
v_BoxingPunchingBag_g04_c01,95,101
v_BoxingPunchingBag_g04_c01,102,108
v_BoxingPunchingBag_g04_c01,109,116
v_BoxingPunchingBag_g04_c01,117,125
v_BoxingPunchingBag_g04_c01,126,133
v_BoxingPunchingBag_g04_c01,134,140
v_BoxingPunchingBag_g04_c01,141,148
v_BoxingPunchingBag_g04_c01,149,155
v_BoxingPunchingBag_g04_c01,156,162
v_BoxingPunchingBag_g04_c01,163,170
v_BoxingPunchingBag_g04_c01,171,177
v_BoxingPunchingBag_g04_c01,178,184
v_BoxingPunchingBag_g04_c01,185,192
v_BoxingPunchingBag_g04_c01,193,199
v_BoxingPunchingBag_g04_c01,200,206
v_BoxingPunchingBag_g04_c01,207,214
v_BoxingPunchingBag_g04_c01,215,223
v_BoxingPunchingBag_g04_c01,224,231
v_BoxingPunchingBag_g04_c01,232,238
v_BoxingPunchingBag_g04_c01,239,245
v_BoxingPunchingBag_g07_c03,17,23
v_BoxingPunchingBag_g07_c03,24,29
v_BoxingPunchingBag_g07_c03,30,35
v_BoxingPunchingBag_g07_c03,36,41
v_BoxingPunchingBag_g07_c03,104,110
v_BoxingPunchingBag_g07_c03,111,115
v_BoxingPunchingBag_g07_c03,132,138
v_BoxingPunchingBag_g07_c03,141,147
v_BoxingPunchingBag_g07_c03,148,153
v_BoxingPunchingBag_g07_c03,154,158
v_BoxingPunchingBag_g07_c03,164,170
v_BoxingPunchingBag_g07_c03,210,216
v_BoxingPunchingBag_g07_c03,218,221
v_BoxingPunchingBag_g07_c03,224,230
v_BoxingPunchingBag_g07_c03,259,265
v_BoxingPunchingBag_g07_c03,281,287
v_BoxingPunchingBag_g07_c05,7,13
v_BoxingPunchingBag_g07_c05,35,41
v_BoxingPunchingBag_g07_c05,63,69
v_BoxingPunchingBag_g07_c05,110,116
v_BoxingPunchingBag_g07_c05,138,144
v_BoxingPunchingBag_g07_c05,145,150
v_BoxingPunchingBag_g07_c05,159,165
v_BoxingPunchingBag_g07_c05,200,206
v_BoxingPunchingBag_g07_c05,207,212
v_BoxingPunchingBag_g07_c05,213,218
v_BoxingPunchingBag_g07_c05,219,224
v_BoxingPunchingBag_g07_c05,281,287
v_BoxingPunchingBag_g07_c05,288,293
v_BoxingPunchingBag_g07_c05,294,296
v_BoxingPunchingBag_g07_c05,299,305
v_BoxingPunchingBag_g07_c07,10,16
v_BoxingPunchingBag_g07_c07,35,41
v_BoxingPunchingBag_g07_c07,42,46
v_BoxingPunchingBag_g07_c07,58,64
v_BoxingPunchingBag_g07_c07,65,71
v_BoxingPunchingBag_g07_c07,103,109
v_BoxingPunchingBag_g07_c07,136,142
v_BoxingPunchingBag_g07_c07,149,155
v_BoxingPunchingBag_g07_c07,210,216
v_BoxingPunchingBag_g07_c07,220,226
v_BoxingPunchingBag_g07_c07,227,233
